,search,user_id,좋아요,hashtags
0,제주도,"jeju__galbibob/"" tabindex=""0"">jeju__galbibob</a></div>]",932,월정리갈비밥
1,제주도,"chunggyumin/"" tabindex=""0"">chunggyumin</a></div>]",308,해쉬태그없음
2,제주도,"ending_jeju/"" tabindex=""0"">ending_jeju</a></div>]",219,은하수엔딩
3,제주도,"suny_blanc/"" tabindex=""0"">suny_blanc</a></div>]",779,써니블랑
4,제주도,"lloveeely/"" tabindex=""0"">lloveeely</a></div>]","3,954",해쉬태그없음
5,제주도,"kimheeang/"" tabindex=""0"">kimheeang</a></div>]",137,해쉬태그없음
6,제주도,"157._.k/"" tabindex=""0"">157._.k</a></div>]",9,제주
7,제주도,"157._.k/"" tabindex=""0"">157._.k</a></div>]",9,제주도
8,제주도,"157._.k/"" tabindex=""0"">157._.k</a></div>]",9,제주도여행
9,제주도,"157._.k/"" tabindex=""0"">157._.k</a></div>]",9,이호테우해변
10,제주도,"157._.k/"" tabindex=""0"">157._.k</a></div>]",9,바다
11,제주도,"157._.k/"" tabindex=""0"">157._.k</a></div>]",9,힐링
12,제주도,"157._.k/"" tabindex=""0"">157._.k</a></div>]",9,일상
13,제주도,"157._.k/"" tabindex=""0"">157._.k</a></div>]",9,daily
14,제주도,"157._.k/"" tabindex=""0"">157._.k</a></div>]",9,instadaily
15,제주도,"157._.k/"" tabindex=""0"">157._.k</a></div>]",9,일상스타그램
16,제주도,"157._.k/"" tabindex=""0"">157._.k</a></div>]",9,오늘
17,제주도,"157._.k/"" tabindex=""0"">157._.k</a></div>]",9,데일리
18,제주도,"157._.k/"" tabindex=""0"">157._.k</a></div>]",9,좋아요
19,제주도,"157._.k/"" tabindex=""0"">157._.k</a></div>]",9,맞팔
20,제주도,"157._.k/"" tabindex=""0"">157._.k</a></div>]",9,선팔
21,제주도,"157._.k/"" tabindex=""0"">157._.k</a></div>]",9,선팔하면맞팔
22,제주도,"157._.k/"" tabindex=""0"">157._.k</a></div>]",9,맞팔해요
23,제주도,"157._.k/"" tabindex=""0"">157._.k</a></div>]",9,선팔맞팔
24,제주도,"157._.k/"" tabindex=""0"">157._.k</a></div>]",9,선팔후맞팔
25,제주도,"157._.k/"" tabindex=""0"">157._.k</a></div>]",9,f4f
26,제주도,"157._.k/"" tabindex=""0"">157._.k</a></div>]",9,fff
27,제주도,"157._.k/"" tabindex=""0"">157._.k</a></div>]",9,l4l
28,제주도,"157._.k/"" tabindex=""0"">157._.k</a></div>]",9,f4l
29,제주도,"157._.k/"" tabindex=""0"">157._.k</a></div>]",9,팔로미
30,제주도,"157._.k/"" tabindex=""0"">157._.k</a></div>]",9,follow4follow
31,제주도,"157._.k/"" tabindex=""0"">157._.k</a></div>]",9,선팔하면맞팔가요
32,제주도,"157._.k/"" tabindex=""0"">157._.k</a></div>]",9,like4like
33,제주도,"157._.k/"" tabindex=""0"">157._.k</a></div>]",9,팔로우해요
34,제주도,"y__wxxnee/"" tabindex=""0"">y__wxxnee</a></div>]",1,선물같은하루
35,제주도,"y__wxxnee/"" tabindex=""0"">y__wxxnee</a></div>]",1,dayoff
36,제주도,"x_xixun/"" tabindex=""0"">x_xixun</a></div>]",5,국내여행
37,제주도,"x_xixun/"" tabindex=""0"">x_xixun</a></div>]",5,제주여행
38,제주도,"x_xixun/"" tabindex=""0"">x_xixun</a></div>]",5,제주도여행
39,제주도,"x_xixun/"" tabindex=""0"">x_xixun</a></div>]",5,제주도
40,제주도,"x_xixun/"" tabindex=""0"">x_xixun</a></div>]",5,여행스타그램
41,제주도,"x_xixun/"" tabindex=""0"">x_xixun</a></div>]",5,맞팔
42,제주도,"x_xixun/"" tabindex=""0"">x_xixun</a></div>]",5,여행에미치다_제주
43,제주도,"x_xixun/"" tabindex=""0"">x_xixun</a></div>]",5,여행
44,제주도,"x_xixun/"" tabindex=""0"">x_xixun</a></div>]",5,좋반
45,제주도,"x_xixun/"" tabindex=""0"">x_xixun</a></div>]",5,좋테
46,제주도,"x_xixun/"" tabindex=""0"">x_xixun</a></div>]",5,대한민국
47,제주도,"x_xixun/"" tabindex=""0"">x_xixun</a></div>]",5,오오티디
48,제주도,"x_xixun/"" tabindex=""0"">x_xixun</a></div>]",5,데일리룩
49,제주도,"x_xixun/"" tabindex=""0"">x_xixun</a></div>]",5,🇰🇷
50,제주도,"x_xixun/"" tabindex=""0"">x_xixun</a></div>]",5,JEJU
51,제주도,"x_xixun/"" tabindex=""0"">x_xixun</a></div>]",5,Jejuisland
52,제주도,"x_xixun/"" tabindex=""0"">x_xixun</a></div>]",5,travel
53,제주도,"x_xixun/"" tabindex=""0"">x_xixun</a></div>]",5,lfl
54,제주도,"x_xixun/"" tabindex=""0"">x_xixun</a></div>]",5,fff
55,제주도,"x_xixun/"" tabindex=""0"">x_xixun</a></div>]",5,l4l
56,제주도,"x_xixun/"" tabindex=""0"">x_xixun</a></div>]",5,f4f
57,제주도,"x_xixun/"" tabindex=""0"">x_xixun</a></div>]",5,ootd
58,제주도,"x_xixun/"" tabindex=""0"">x_xixun</a></div>]",5,daliylook
59,제주도,"x_xixun/"" tabindex=""0"">x_xixun</a></div>]",5,travelholic
60,제주도,"x_xixun/"" tabindex=""0"">x_xixun</a></div>]",5,korea
61,제주도,"x_xixun/"" tabindex=""0"">x_xixun</a></div>]",5,jejutravel
62,제주도,"x_xixun/"" tabindex=""0"">x_xixun</a></div>]",5,koreatravel
63,제주도,"x_xixun/"" tabindex=""0"">x_xixun</a></div>]",5,travelphotography
64,제주도,"x_xixun/"" tabindex=""0"">x_xixun</a></div>]",5,yeddu_jeju
65,제주도,"x_xixun/"" tabindex=""0"">x_xixun</a></div>]",5,yeddu_southkorea
66,제주도,"u_jindec_film/"" tabindex=""0"">u_jindec_film</a></div>]",6,jeju
67,제주도,"u_jindec_film/"" tabindex=""0"">u_jindec_film</a></div>]",6,filmphotography
68,제주도,"u_jindec_film/"" tabindex=""0"">u_jindec_film</a></div>]",6,fujifilm
69,제주도,"u_jindec_film/"" tabindex=""0"">u_jindec_film</a></div>]",6,jejuisland
70,제주도,"u_jindec_film/"" tabindex=""0"">u_jindec_film</a></div>]",6,필름사진
71,제주도,"u_jindec_film/"" tabindex=""0"">u_jindec_film</a></div>]",6,필름카메라
72,제주도,"u_jindec_film/"" tabindex=""0"">u_jindec_film</a></div>]",6,필름스냅사진
73,제주도,"u_jindec_film/"" tabindex=""0"">u_jindec_film</a></div>]",6,필름스냅
74,제주도,"u_jindec_film/"" tabindex=""0"">u_jindec_film</a></div>]",6,인물사진
75,제주도,"u_jindec_film/"" tabindex=""0"">u_jindec_film</a></div>]",6,스냅사진
76,제주도,"u_jindec_film/"" tabindex=""0"">u_jindec_film</a></div>]",6,스냅촬영
77,제주도,"u_jindec_film/"" tabindex=""0"">u_jindec_film</a></div>]",6,스냅촬영문의
78,제주도,"u_jindec_film/"" tabindex=""0"">u_jindec_film</a></div>]",6,촬영문의
79,제주도,"u_jindec_film/"" tabindex=""0"">u_jindec_film</a></div>]",6,촬영문의dm
80,제주도,"u_jindec_film/"" tabindex=""0"">u_jindec_film</a></div>]",6,사진계정
81,제주도,"u_jindec_film/"" tabindex=""0"">u_jindec_film</a></div>]",6,사진계정맞팔
82,제주도,"u_jindec_film/"" tabindex=""0"">u_jindec_film</a></div>]",6,사진계정소통
83,제주도,"u_jindec_film/"" tabindex=""0"">u_jindec_film</a></div>]",6,사진학과
84,제주도,"u_jindec_film/"" tabindex=""0"">u_jindec_film</a></div>]",6,제주도
85,제주도,"u_jindec_film/"" tabindex=""0"">u_jindec_film</a></div>]",6,제주도카페
86,제주도,"u_jindec_film/"" tabindex=""0"">u_jindec_film</a></div>]",6,세화해변
87,제주도,"u_jindec_film/"" tabindex=""0"">u_jindec_film</a></div>]",6,청주
88,제주도,"u_jindec_film/"" tabindex=""0"">u_jindec_film</a></div>]",6,안산
89,제주도,"u_jindec_film/"" tabindex=""0"">u_jindec_film</a></div>]",6,서울
90,제주도,"sssuun_y/"" tabindex=""0"">sssuun_y</a></div>]",0,sssuun_trip
91,제주도,"sssuun_y/"" tabindex=""0"">sssuun_y</a></div>]",0,sssuun_jeju
92,제주도,"jh.btt/"" tabindex=""0"">jh.btt</a></div>]",3,바타타식탁
93,제주도,"jh.btt/"" tabindex=""0"">jh.btt</a></div>]",3,제주도
94,제주도,"jh.btt/"" tabindex=""0"">jh.btt</a></div>]",3,제주
95,제주도,"jh.btt/"" tabindex=""0"">jh.btt</a></div>]",3,제주맛집
96,제주도,"jh.btt/"" tabindex=""0"">jh.btt</a></div>]",3,제주도맛집
97,제주도,"jh.btt/"" tabindex=""0"">jh.btt</a></div>]",3,제주도여행
98,제주도,"jh.btt/"" tabindex=""0"">jh.btt</a></div>]",3,제주도민
99,제주도,"jh.btt/"" tabindex=""0"">jh.btt</a></div>]",3,제주도민맛집
100,제주도,"jh.btt/"" tabindex=""0"">jh.btt</a></div>]",3,서귀포맛집
101,제주도,"jh.btt/"" tabindex=""0"">jh.btt</a></div>]",3,서귀포
102,제주도,"jh.btt/"" tabindex=""0"">jh.btt</a></div>]",3,서귀포여행
103,제주도,"jh.btt/"" tabindex=""0"">jh.btt</a></div>]",3,표선맛집
104,제주도,"jh.btt/"" tabindex=""0"">jh.btt</a></div>]",3,표선
105,제주도,"jh.btt/"" tabindex=""0"">jh.btt</a></div>]",3,표선해비치해변
106,제주도,"jh.btt/"" tabindex=""0"">jh.btt</a></div>]",3,표선맛집추천
107,제주도,"jh.btt/"" tabindex=""0"">jh.btt</a></div>]",3,표선술집
108,제주도,"jh.btt/"" tabindex=""0"">jh.btt</a></div>]",3,표선해비치맛집
109,제주도,"jh.btt/"" tabindex=""0"">jh.btt</a></div>]",3,표선해수욕장맛집
110,제주도,"jh.btt/"" tabindex=""0"">jh.btt</a></div>]",3,성산맛집
111,제주도,"jh.btt/"" tabindex=""0"">jh.btt</a></div>]",3,남원맛집
112,제주도,"kimaweek/"" tabindex=""0"">kimaweek</a></div>]",1,전국요트체험
113,제주도,"kimaweek/"" tabindex=""0"">kimaweek</a></div>]",1,요플래
114,제주도,"kimaweek/"" tabindex=""0"">kimaweek</a></div>]",1,요트투어
115,제주도,"kimaweek/"" tabindex=""0"">kimaweek</a></div>]",1,요트플랙스
116,제주도,"kimaweek/"" tabindex=""0"">kimaweek</a></div>]",1,퍼블릭요트투어
117,제주도,"kimaweek/"" tabindex=""0"">kimaweek</a></div>]",1,플랙스해버렸지뭐야
118,제주도,"kimaweek/"" tabindex=""0"">kimaweek</a></div>]",1,바다야놀자
119,제주도,"kimaweek/"" tabindex=""0"">kimaweek</a></div>]",1,제주도
120,제주도,"kimaweek/"" tabindex=""0"">kimaweek</a></div>]",1,부산
121,제주도,"kimaweek/"" tabindex=""0"">kimaweek</a></div>]",1,포항
122,제주도,"kimaweek/"" tabindex=""0"">kimaweek</a></div>]",1,목포
123,제주도,"kimaweek/"" tabindex=""0"">kimaweek</a></div>]",1,화성
124,제주도,"kimaweek/"" tabindex=""0"">kimaweek</a></div>]",1,인천
125,제주도,"kimaweek/"" tabindex=""0"">kimaweek</a></div>]",1,서울
126,제주도,"kimaweek/"" tabindex=""0"">kimaweek</a></div>]",1,강원도
127,제주도,"kimaweek/"" tabindex=""0"">kimaweek</a></div>]",1,여수
128,제주도,"kimaweek/"" tabindex=""0"">kimaweek</a></div>]",1,통영
129,제주도,"kimaweek/"" tabindex=""0"">kimaweek</a></div>]",1,요트할인이벤트
130,제주도,"kimaweek/"" tabindex=""0"">kimaweek</a></div>]",1,요트
131,제주도,"kimaweek/"" tabindex=""0"">kimaweek</a></div>]",1,yacht
132,제주도,"kimaweek/"" tabindex=""0"">kimaweek</a></div>]",1,바다
133,제주도,"kimaweek/"" tabindex=""0"">kimaweek</a></div>]",1,오션뷰
134,제주도,"msg__company/"" tabindex=""0"">msg__company</a></div>]",2,필라그린
135,제주도,"msg__company/"" tabindex=""0"">msg__company</a></div>]",2,천연보습인자
136,제주도,"msg__company/"" tabindex=""0"">msg__company</a></div>]",2,아쿠아포린
137,제주도,"msg__company/"" tabindex=""0"">msg__company</a></div>]",2,수분이동통로
138,제주도,"msg__company/"" tabindex=""0"">msg__company</a></div>]",2,로리크린
139,제주도,"msg__company/"" tabindex=""0"">msg__company</a></div>]",2,제주도
140,제주도,"msg__company/"" tabindex=""0"">msg__company</a></div>]",2,제주시
141,제주도,"msg__company/"" tabindex=""0"">msg__company</a></div>]",2,서귀포시
142,제주도,"msg__company/"" tabindex=""0"">msg__company</a></div>]",2,피부관리실
143,제주도,"msg__company/"" tabindex=""0"">msg__company</a></div>]",2,에스테틱
144,제주도,"msg__company/"" tabindex=""0"">msg__company</a></div>]",2,에쎌로비앤씨
145,제주도,"msg__company/"" tabindex=""0"">msg__company</a></div>]",2,에쎌로
146,제주도,"msg__company/"" tabindex=""0"">msg__company</a></div>]",2,펌핑비비
147,제주도,"msg__company/"" tabindex=""0"">msg__company</a></div>]",2,수분키트
148,제주도,"msg__company/"" tabindex=""0"">msg__company</a></div>]",2,홈케어
149,제주도,"msg__company/"" tabindex=""0"">msg__company</a></div>]",2,수분
150,제주도,"msg__company/"" tabindex=""0"">msg__company</a></div>]",2,비피다발효여과물
151,제주도,"msg__company/"" tabindex=""0"">msg__company</a></div>]",2,홈케어
152,제주도,"msg__company/"" tabindex=""0"">msg__company</a></div>]",2,민감성피부
153,제주도,"msg__company/"" tabindex=""0"">msg__company</a></div>]",2,칙칙한피부
154,제주도,"msg__company/"" tabindex=""0"">msg__company</a></div>]",2,색소
155,제주도,"msg__company/"" tabindex=""0"">msg__company</a></div>]",2,안색정화
156,제주도,"msg__company/"" tabindex=""0"">msg__company</a></div>]",2,프로바이오틱스
157,제주도,"msg__company/"" tabindex=""0"">msg__company</a></div>]",2,유산균
158,제주도,"dahyuniiiii/"" tabindex=""0"">dahyuniiiii</a></div>]",1,제주도
159,제주도,"dahyuniiiii/"" tabindex=""0"">dahyuniiiii</a></div>]",1,제주도여행
160,제주도,"dahyuniiiii/"" tabindex=""0"">dahyuniiiii</a></div>]",1,휴가
161,제주도,"dahyuniiiii/"" tabindex=""0"">dahyuniiiii</a></div>]",1,먹부림
162,제주도,"dana_dana_brightdana/"" tabindex=""0"">dana_dana_brightdana</a></div>]",0,제주도
163,제주도,"dana_dana_brightdana/"" tabindex=""0"">dana_dana_brightdana</a></div>]",0,제주도여행
164,제주도,"dana_dana_brightdana/"" tabindex=""0"">dana_dana_brightdana</a></div>]",0,데이트
165,제주도,"dana_dana_brightdana/"" tabindex=""0"">dana_dana_brightdana</a></div>]",0,데이트스타그램
166,제주도,"dana_dana_brightdana/"" tabindex=""0"">dana_dana_brightdana</a></div>]",0,애월카페
167,제주도,"dana_dana_brightdana/"" tabindex=""0"">dana_dana_brightdana</a></div>]",0,바다여행
168,제주도,"dana_dana_brightdana/"" tabindex=""0"">dana_dana_brightdana</a></div>]",0,바다스타그램
169,제주도,"dana_dana_brightdana/"" tabindex=""0"">dana_dana_brightdana</a></div>]",0,제주도카페
170,제주도,"dana_dana_brightdana/"" tabindex=""0"">dana_dana_brightdana</a></div>]",0,포토스팟
171,제주도,"dana_dana_brightdana/"" tabindex=""0"">dana_dana_brightdana</a></div>]",0,럽스타그램
172,제주도,"dana_dana_brightdana/"" tabindex=""0"">dana_dana_brightdana</a></div>]",0,구디맛집
173,제주도,"dana_dana_brightdana/"" tabindex=""0"">dana_dana_brightdana</a></div>]",0,역전할머니맥주
174,제주도,"dana_dana_brightdana/"" tabindex=""0"">dana_dana_brightdana</a></div>]",0,코로나
175,제주도,"dana_dana_brightdana/"" tabindex=""0"">dana_dana_brightdana</a></div>]",0,빨리끝나라
176,제주도,"dana_dana_brightdana/"" tabindex=""0"">dana_dana_brightdana</a></div>]",0,여행다니고싶다
177,제주도,"dana_dana_brightdana/"" tabindex=""0"">dana_dana_brightdana</a></div>]",0,selfie
178,제주도,"mjin.e/"" tabindex=""0"">mjin.e</a></div>]",9,해쉬태그없음
179,제주도,"yuding_log/"" tabindex=""0"">yuding_log</a></div>]",15,제주도
180,제주도,"yuding_log/"" tabindex=""0"">yuding_log</a></div>]",15,좋아요
181,제주도,"yuding_log/"" tabindex=""0"">yuding_log</a></div>]",15,제주공항
182,제주도,"yuding_log/"" tabindex=""0"">yuding_log</a></div>]",15,trip
183,제주도,"yuding_log/"" tabindex=""0"">yuding_log</a></div>]",15,제주도여행
184,제주도,"yuding_log/"" tabindex=""0"">yuding_log</a></div>]",15,selfie
185,제주도,"yuding_log/"" tabindex=""0"">yuding_log</a></div>]",15,likeforlikes
186,제주도,"yuding_log/"" tabindex=""0"">yuding_log</a></div>]",15,8월의제주
187,제주도,"yuding_log/"" tabindex=""0"">yuding_log</a></div>]",15,데일리
188,제주도,"yuding_log/"" tabindex=""0"">yuding_log</a></div>]",15,좋아요반사
189,제주도,"yuding_log/"" tabindex=""0"">yuding_log</a></div>]",15,daily
190,제주도,"yuding_log/"" tabindex=""0"">yuding_log</a></div>]",15,camera
191,제주도,"yuding_log/"" tabindex=""0"">yuding_log</a></div>]",15,canon
192,제주도,"yuding_log/"" tabindex=""0"">yuding_log</a></div>]",15,tripstagram
193,제주도,"yuding_log/"" tabindex=""0"">yuding_log</a></div>]",15,일상
194,제주도,"yuding_log/"" tabindex=""0"">yuding_log</a></div>]",15,일상스타그램
195,제주도,"yuding_log/"" tabindex=""0"">yuding_log</a></div>]",15,jw
196,제주도,"yuding_log/"" tabindex=""0"">yuding_log</a></div>]",15,jwkorea
197,제주도,"yuding_log/"" tabindex=""0"">yuding_log</a></div>]",15,jeju
198,제주도,"yuding_log/"" tabindex=""0"">yuding_log</a></div>]",15,여행
199,제주도,"yuding_log/"" tabindex=""0"">yuding_log</a></div>]",15,여행스타그램
200,제주도,"yuding_log/"" tabindex=""0"">yuding_log</a></div>]",15,여행에미치다
201,제주도,"yuding_log/"" tabindex=""0"">yuding_log</a></div>]",15,여행에미치다_국내
202,제주도,"yuding_log/"" tabindex=""0"">yuding_log</a></div>]",15,여행에미치다_제주
203,제주도,"yuding_log/"" tabindex=""0"">yuding_log</a></div>]",15,제주도바다
204,제주도,"yuding_log/"" tabindex=""0"">yuding_log</a></div>]",15,비눗방울
205,제주도,"yuding_log/"" tabindex=""0"">yuding_log</a></div>]",15,사계해변
206,제주도,"yuding_log/"" tabindex=""0"">yuding_log</a></div>]",15,설쿰바당
207,제주도,"yuding_log/"" tabindex=""0"">yuding_log</a></div>]",15,용머리해안
208,제주도,"yuding_log/"" tabindex=""0"">yuding_log</a></div>]",15,황우치해변
209,제주도,"seoung_2/"" tabindex=""0"">seoung_2</a></div>]",8,얘듀라나포샵정말안해도되니
210,제주도,"seoung_2/"" tabindex=""0"">seoung_2</a></div>]",8,왜나는섹시해보이지않을까
211,제주도,"suna_jung/"" tabindex=""0"">suna_jung</a></div>]",2,제주도
212,제주도,"suna_jung/"" tabindex=""0"">suna_jung</a></div>]",2,제주도여행
213,제주도,"suna_jung/"" tabindex=""0"">suna_jung</a></div>]",2,맛집투어
214,제주도,"suna_jung/"" tabindex=""0"">suna_jung</a></div>]",2,애월
215,제주도,"suna_jung/"" tabindex=""0"">suna_jung</a></div>]",2,애월맛집
216,제주도,"suna_jung/"" tabindex=""0"">suna_jung</a></div>]",2,몬스터살롱
217,제주도,"suna_jung/"" tabindex=""0"">suna_jung</a></div>]",2,몬스터수제한우버거
218,제주도,"suna_jung/"" tabindex=""0"">suna_jung</a></div>]",2,제주흑돼지풀드포크버거
219,제주도,"suna_jung/"" tabindex=""0"">suna_jung</a></div>]",2,서비스
220,제주도,"suna_jung/"" tabindex=""0"">suna_jung</a></div>]",2,롱츄러스
221,제주도,"suna_jung/"" tabindex=""0"">suna_jung</a></div>]",2,수제버거
222,제주도,"suna_jung/"" tabindex=""0"">suna_jung</a></div>]",2,수제버거맛집
